<?xml version="1.0"?>
<!--
/**
 * Copyright © 2018 Mageside. All rights reserved.
 * See MS-LICENSE.txt for license details.
 */
-->
<config xmlns:xsi="http://www.w3.org/2001/XMLSchema-instance" xsi:noNamespaceSchemaLocation="urn:magento:framework:Acl/etc/acl.xsd">
    <acl>
        <resources>
            <resource id="Magento_Backend::admin">
                <resource id="Magento_Sales::sales" title="Sales" translate="title" sortOrder="20">
                    <resource id="Magento_Sales::sales_operation" title="Operations" translate="title" sortOrder="10">
                        <resource id="Mageside_CanadaPostShipping::mageside_canadapost_shipping"   title="Manifests" translate="title" sortOrder="35" />
                    </resource>
                </resource>
                <resource id="Magento_Backend::stores">
                    <resource id="Magento_Backend::stores_settings">
                        <resource id="Magento_Config::config">
                            <resource id="Mageside_CanadaPostShipping::config_mageside_canadapost_shipping" title="Mageside Canada Post Shipping Section" />
                        </resource>
                    </resource>
                </resource>
            </resource>
        </resources>
    </acl>
</config>
