<?xml version="1.0"?>
<!--
/**
 * Copyright © 2018 Mageside. All rights reserved.
 * See MS-LICENSE.txt for license details.
 */
-->
<config xmlns:xsi="http://www.w3.org/2001/XMLSchema-instance"
        xsi:noNamespaceSchemaLocation="urn:magento:framework:DataObject/etc/fieldset.xsd">
    <scope id="global">
        <fieldset id="sales_convert_order_address">
            <field name="canada_dpo_id">
                <aspect name="to_quote_address" />
            </field>
        </fieldset>
        <fieldset id="sales_convert_quote_address">
            <field name="canada_dpo_id">
                <aspect name="to_order_address" />
                <aspect name="to_customer_address" />
            </field>
        </fieldset>
        <fieldset id="order_address">
            <field name="canada_dpo_id">
                <aspect name="to_customer_address" />
            </field>
        </fieldset>
    </scope>
</config>
